0.9725807,0.9725807
0.9853021,0.9853021
0.988586,0.988586
0.9679479,0.9679479
0.8641286,0.8641286
0.9854436,0.9854436
0.9755366,0.9755366
0.7619938,0.7619938
0.7971267,0.7971267
0.640617,0.640617
0.9291581,0.9291581
0.9665867,0.9665867
1.0,1.0
0.89484704,0.89484704
0.78736246,0.78736246
0.89114636,0.89114636
0.91860944,0.91860944
0.9096508,0.9096508
0.89629227,0.89629227
0.8206939,0.8206939
0.7955214,0.7955214
0.89166313,0.89166313
0.81285876,0.81285876
0.93230337,0.93230337
0.4694054,0.4694054
0.9350691,0.9350691
0.82883114,0.82883114
0.94003356,0.94003356
0.7450186,0.7450186
0.84493864,0.84493864
0.9880941,0.9880941
0.968039,0.968039
0.9635289,0.9635289
0.8715831,0.8715831
0.977382,0.977382
0.93940544,0.93940544
0.7435656,0.7435656
0.70597494,0.70597494
0.81710315,0.81710315
0.9365391,0.9365391
0.9727811,0.9727811
0.99263704,0.99263704
0.9898576,0.9898576
0.8833888,0.8833888
0.9509922,0.9509922
0.9236146,0.9236146
0.85327685,0.85327685
0.8885904,0.8885904
0.9691546,0.9691546
0.9954633,0.9954633
0.9534256,0.9534256
0.9819369,0.9819369
0.9832156,0.9832156
0.9716014,0.9716014
0.9742768,0.9742768
0.8081806,0.8081806
0.9356028,0.9356028
0.8644414,0.8644414
0.80311036,0.80311036
0.97570556,0.97570556
0.8566406,0.8566406
0.7736534,0.7736534
0.74039173,0.74039173
0.8993342,0.8993342
0.8662298,0.8662298
0.8208406,0.8208406
0.93378615,0.93378615
0.9485616,0.9485616
1.0,1.0
0.9677182,0.9677182
0.9530165,0.9530165
0.90407634,0.90407634
0.8787247,0.8787247
0.9833779,0.9833779
0.97989655,0.97989655
0.89269686,0.89269686
0.9894711,0.9894711
0.9442831,0.9442831
0.95527506,0.95527506
1.0,1.0
0.98348844,0.98348844
0.9900817,0.9900817
0.9898037,0.9898037
0.98290247,0.98290247
0.96421325,0.96421325
0.9815626,0.9815626
0.91668373,0.91668373
0.9564286,0.9564286
0.92814565,0.92814565
0.88362086,0.88362086
0.98740953,0.98740953
0.9826009,0.9826009
0.90806633,0.90806633
0.8991572,0.8991572
0.8861248,0.8861248
0.90760165,0.90760165
0.9600241,0.9600241
0.93377686,0.93377686
0.9519007,0.9519007
0.9916893,0.9916893
0.9646181,0.9646181
0.63725245,0.63725245
0.6802516,0.6802516
0.9075705,0.9075705
0.92624176,0.92624176
1.0,1.0
1.0,1.0
1.0,1.0
1.0,1.0
1.0,1.0
0.9575081,0.9575081
0.9624012,0.9624012
0.9672664,0.9672664
0.9002889,0.9002889
0.949503,0.949503
0.94703346,0.94703346
0.92280644,0.92280644
0.914525,0.914525
0.80474895,0.80474895
0.96103257,0.96103257
0.79574454,0.79574454
0.9333998,0.9333998
0.9071595,0.9071595
0.897569,0.897569
0.90294164,0.90294164
0.78395325,0.78395325
0.6639484,0.6639484
0.71002716,0.71002716
0.814427,0.814427
0.89836586,0.89836586
0.8762291,0.8762291
0.7455269,0.7455269
0.80021054,0.80021054
0.87089,0.87089
0.7663971,0.7663971
0.5687201,0.5687201
0.7205919,0.7205919
0.48222983,0.48222983
0.19110793,0.19110793
0.6711755,0.6711755
0.9865676,0.9865676
0.89307356,0.89307356
0.9501065,0.9501065
0.8870734,0.8870734
0.9633578,0.9633578
0.96267164,0.96267164
0.9693354,0.9693354
0.8018438,0.8018438
0.9518674,0.9518674
0.97299534,0.97299534
0.9814822,0.9814822
0.98373747,0.98373747
0.9503032,0.9503032
0.9818621,0.9818621
0.97660625,0.97660625
0.8917391,0.8917391
0.9631432,0.9631432
0.9040091,0.9040091
0.84759367,0.84759367
0.95510983,0.95510983
0.84550303,0.84550303
0.8549472,0.8549472
0.9156176,0.9156176
0.9072435,0.9072435
0.9732354,0.9732354
0.92302525,0.92302525
0.96573955,0.96573955
0.9413599,0.9413599
0.96119314,0.96119314
0.8220653,0.8220653
0.8474797,0.8474797
0.9230381,0.9230381
0.96634716,0.96634716
0.9258412,0.9258412
0.95979923,0.95979923
0.867172,0.867172
0.9303203,0.9303203
0.58982,0.58982
0.95731443,0.95731443
0.8024588,0.8024588
0.8767417,0.8767417
0.9905611,0.9905611
0.8463497,0.8463497
0.92468774,0.92468774
0.7950681,0.7950681
0.95370865,0.95370865
0.90334415,0.90334415
0.9014046,0.9014046
0.851339,0.851339
0.9255382,0.9255382
0.91836864,0.91836864
0.9016387,0.9016387
0.9429753,0.9429753
0.8355859,0.8355859
1.0,1.0
0.8374418,0.8374418
0.87545687,0.87545687
0.839739,0.839739
0.6707939,0.6707939
0.9069433,0.9069433
1.0,1.0
0.9566875,0.9566875
1.0,1.0
0.6865719,0.6865719
0.81322527,0.81322527
0.94785833,0.94785833
0.9506398,0.9506398
0.8369919,0.8369919
0.8618858,0.8618858
0.89890146,0.89890146
0.8898043,0.8898043
0.81185687,0.81185687
0.34567463,0.34567463
0.57013595,0.57013595
0.91741997,0.91741997
0.81085587,0.81085587
0.9130451,0.9130451
0.9748933,0.9748933
0.93707466,0.93707466
0.93844974,0.93844974
0.6482323,0.6482323
0.9506252,0.9506252
0.54625285,0.54625285
0.91915005,0.91915005
0.90103245,0.90103245
0.96402645,0.96402645
0.92676246,0.92676246
0.9809502,0.9809502
0.9838529,0.9838529
0.9719955,0.9719955
0.79037094,0.79037094
0.89668494,0.89668494
0.96308464,0.96308464
0.9828552,0.9828552
0.9107285,0.9107285
0.9830121,0.9830121
0.969876,0.969876
0.9661278,0.9661278
0.9786359,0.9786359
0.9425689,0.9425689
0.9153893,0.9153893
1.0,1.0
0.9546477,0.9546477
0.92972434,0.92972434
0.9523541,0.9523541
0.95475745,0.95475745
0.9221424,0.9221424
0.8328278,0.8328278
0.9497722,0.9497722
0.9157267,0.9157267
0.76467824,0.76467824
1.0,1.0
0.9028515,0.9028515
1.0,1.0
0.90504396,0.90504396
0.799713,0.799713
0.88614774,0.88614774
0.8707799,0.8707799
0.94810605,0.94810605
0.691638,0.691638
1.0,1.0
0.88888824,0.88888824
0.8609035,0.8609035
0.78788185,0.78788185
0.91137564,0.91137564
0.90147805,0.90147805
0.78024346,0.78024346
0.79411066,0.79411066
0.8487435,0.8487435
0.7647693,0.7647693
0.7772007,0.7772007
0.86052704,0.86052704
0.92890173,0.92890173
0.9413391,0.9413391
1.0,1.0
0.9020009,0.9020009
0.79118925,0.79118925
0.586536,0.586536
0.9144595,0.9144595
0.95144117,0.95144117
0.82285655,0.82285655
0.93999857,0.93999857
0.7318027,0.7318027
0.90842485,0.90842485
0.83699226,0.83699226
0.91034305,0.91034305
0.7628629,0.7628629
0.7922417,0.7922417
0.86389637,0.86389637
0.88035774,0.88035774
0.84093255,0.84093255
0.9725703,0.9725703
0.8501795,0.8501795
0.9699577,0.9699577
0.99215823,0.99215823
0.9657791,0.9657791
0.9402701,0.9402701
0.9022493,0.9022493
0.97323406,0.97323406
0.6948271,0.6948271
0.96410924,0.96410924
0.9529601,0.9529601
0.9186104,0.9186104
0.8856027,0.8856027
0.9337694,0.9337694
0.936125,0.936125
0.9194162,0.9194162
0.9524399,0.9524399
0.9469401,0.9469401
0.84498733,0.84498733
0.9586441,0.9586441
0.95466876,0.95466876
1.0,1.0
0.97343326,0.97343326
0.9885402,0.9885402
0.97198457,0.97198457
0.97490466,0.97490466
0.9286001,0.9286001
0.9032687,0.9032687
0.75927943,0.75927943
0.94269925,0.94269925
0.9544543,0.9544543
0.9774661,0.9774661
0.96808237,0.96808237
0.9460666,0.9460666
0.968548,0.968548
1.0,1.0
0.88287264,0.88287264
0.8728082,0.8728082
0.8368777,0.8368777
0.7766095,0.7766095
0.9482687,0.9482687
0.8751491,0.8751491
0.889349,0.889349
0.97054684,0.97054684
0.9804617,0.9804617
0.9148909,0.9148909
1.0,1.0
0.9155065,0.9155065
0.81735915,0.81735915
0.9107808,0.9107808
0.8190366,0.8190366
0.9611273,0.9611273
0.9206712,0.9206712
0.98083365,0.98083365
0.89934987,0.89934987
0.8731134,0.8731134
0.9740631,0.9740631
0.93168396,0.93168396
0.9035973,0.9035973
0.9230085,0.9230085
0.9374514,0.9374514
0.8583712,0.8583712
0.91274536,0.91274536
0.9632903,0.9632903
0.8352114,0.8352114
0.8847749,0.8847749
0.9564345,0.9564345
0.91842395,0.91842395
0.9597126,0.9597126
0.96098226,0.96098226
0.9473363,0.9473363
0.8116122,0.8116122
0.8359171,0.8359171
0.93706965,0.93706965
0.90763557,0.90763557
0.93935204,0.93935204
0.9400057,0.9400057
0.9666902,0.9666902
0.9628058,0.9628058
0.9675906,0.9675906
0.96906585,0.96906585
0.9107559,0.9107559
0.9527557,0.9527557
0.9736078,0.9736078
0.92056936,0.92056936
0.9751918,0.9751918
0.9436898,0.9436898
0.9608035,0.9608035
0.83098507,0.83098507
0.9020435,0.9020435
0.9252376,0.9252376
0.9317455,0.9317455
0.9139027,0.9139027
0.8666174,0.8666174
0.8755529,0.8755529
0.94564235,0.94564235
0.9292275,0.9292275
0.9014149,0.9014149
0.86030185,0.86030185
0.6363359,0.6363359
0.94626784,0.94626784
0.81040394,0.81040394
0.6666052,0.6666052
0.96461856,0.96461856
0.958097,0.958097
0.7072675,0.7072675
0.76413137,0.76413137
0.83249503,0.83249503
0.82244897,0.82244897
0.9033344,0.9033344
0.9396317,0.9396317
0.9007304,0.9007304
0.95736265,0.95736265
0.8536476,0.8536476
0.8985441,0.8985441
0.88584626,0.88584626
0.96466446,0.96466446
0.93637717,0.93637717
1.0,1.0
0.80938977,0.80938977
0.85195637,0.85195637
0.8685625,0.8685625
0.7433748,0.7433748
0.7761409,0.7761409
0.8329781,0.8329781
0.84566635,0.84566635
0.927853,0.927853
0.91691375,0.91691375
0.9400952,0.9400952
1.0,1.0
0.96634805,0.96634805
0.9066651,0.9066651
0.8576155,0.8576155
0.94025564,0.94025564
0.7072699,0.7072699
0.96761996,0.96761996
0.97408354,0.97408354
0.93816763,0.93816763
0.86634,0.86634
0.96775806,0.96775806
0.9884915,0.9884915
0.9199445,0.9199445
0.92219,0.92219
0.9427201,0.9427201
1.0,1.0
0.94079524,0.94079524
0.97670984,0.97670984
0.99120665,0.99120665
0.9812654,0.9812654
0.96891665,0.96891665
0.9878217,0.9878217
0.93705726,0.93705726
0.81750864,0.81750864
0.88558644,0.88558644
0.9069946,0.9069946
0.9849738,0.9849738
0.958883,0.958883
0.9955921,0.9955921
0.99548566,0.99548566
0.9281367,0.9281367
0.96378016,0.96378016
0.82589203,0.82589203
0.97687566,0.97687566
0.96801,0.96801
0.8714647,0.8714647
0.953454,0.953454
0.92837363,0.92837363
0.81210935,0.81210935
0.8463633,0.8463633
0.8837025,0.8837025
0.91037273,0.91037273
0.8549553,0.8549553
0.92053545,0.92053545
0.7035578,0.7035578
0.8102451,0.8102451
0.82394755,0.82394755
0.78291464,0.78291464
0.88369846,0.88369846
0.77117157,0.77117157
0.7822447,0.7822447
0.88095176,0.88095176
0.4961508,0.4961508
1.0,1.0
0.8906992,0.8906992
0.9310255,0.9310255
1.0,1.0
0.91961765,0.91961765
0.8733208,0.8733208
0.63005996,0.63005996
0.9813069,0.9813069
1.0,1.0
0.7799193,0.7799193
0.8898029,0.8898029
0.9306197,0.9306197
0.894024,0.894024
0.94471633,0.94471633
0.9480216,0.9480216
1.0,1.0
0.9666275,0.9666275
0.8735651,0.8735651
0.97342026,0.97342026
0.9814514,0.9814514
0.8784476,0.8784476
0.9190708,0.9190708
0.9834509,0.9834509
0.95621526,0.95621526
0.92651683,0.92651683
0.92930657,0.92930657
0.93665355,0.93665355
0.82973397,0.82973397
0.7633628,0.7633628
0.9123319,0.9123319
0.65914834,0.65914834
0.9334562,0.9334562
0.97448707,0.97448707
0.9300213,0.9300213
0.93951297,0.93951297
0.921705,0.921705
0.65156853,0.65156853
0.9894779,0.9894779
0.96393305,0.96393305
0.7981639,0.7981639
0.7605657,0.7605657
0.96983963,0.96983963
0.6657003,0.6657003
0.8299415,0.8299415
0.99022955,0.99022955
0.985126,0.985126
0.98368317,0.98368317
0.9594421,0.9594421
0.927525,0.927525
0.984416,0.984416
0.97523624,0.97523624
1.0,1.0
0.8006673,0.8006673
1.0,1.0
0.8310058,0.8310058
0.9172312,0.9172312
0.8764652,0.8764652
1.0,1.0
0.6789917,0.6789917
0.8125809,0.8125809
0.7632544,0.7632544
0.86862606,0.86862606
0.8434203,0.8434203
0.77539134,0.77539134
0.5881673,0.5881673
0.73670197,0.73670197
0.756383,0.756383
0.9073955,0.9073955
0.833862,0.833862
0.7416592,0.7416592
0.9779333,0.9779333
0.97134227,0.97134227
0.94517756,0.94517756
0.9951374,0.9951374
0.9896467,0.9896467
0.94610614,0.94610614
0.98945206,0.98945206
0.95919615,0.95919615
0.98980445,0.98980445
0.99099815,0.99099815
0.94148165,0.94148165
0.979573,0.979573
0.99214,0.99214
0.97126395,0.97126395
0.991618,0.991618
0.95141673,0.95141673
0.9618215,0.9618215
0.9789333,0.9789333
0.98064095,0.98064095
0.96456385,0.96456385
0.9306364,0.9306364
0.95738983,0.95738983
0.82512134,0.82512134
0.85656846,0.85656846
0.91445106,0.91445106
0.80030316,0.80030316
0.86594784,0.86594784
0.8839196,0.8839196
0.9876044,0.9876044
0.9599906,0.9599906
0.8502866,0.8502866
0.96733665,0.96733665
0.97636336,0.97636336
0.9798493,0.9798493
0.97062534,0.97062534
0.9837533,0.9837533
0.9742939,0.9742939
0.9937776,0.9937776
0.9855588,0.9855588
0.9929656,0.9929656
0.97468144,0.97468144
0.9843076,0.9843076
0.98119104,0.98119104
0.9854435,0.9854435
0.9060534,0.9060534
0.95747775,0.95747775
0.97675425,0.97675425
0.9626063,0.9626063
0.657498,0.657498
0.87385136,0.87385136
0.9265697,0.9265697
0.9715169,0.9715169
0.931165,0.931165
0.96577585,0.96577585
0.90842986,0.90842986
0.9307983,0.9307983
0.81481636,0.81481636
0.9418884,0.9418884
0.8490245,0.8490245
0.96732974,0.96732974
0.91049343,0.91049343
0.9111066,0.9111066
0.971229,0.971229
0.9522249,0.9522249
0.89435774,0.89435774
0.7480308,0.7480308
0.77364653,0.77364653
0.81201524,0.81201524
0.73677194,0.73677194
0.5712502,0.5712502
0.684356,0.684356
0.62478626,0.62478626
0.7525289,0.7525289
0.68658614,0.68658614
0.7068263,0.7068263
0.71319056,0.71319056
0.71648175,0.71648175
0.8773941,0.8773941
0.8025899,0.8025899
0.786244,0.786244
0.5750872,0.5750872
0.8316585,0.8316585
0.6321547,0.6321547
0.9385442,0.9385442
0.7261932,0.7261932
0.9275942,0.9275942
0.9865501,0.9865501
0.911122,0.911122
0.64722335,0.64722335
0.92581594,0.92581594
0.97525525,0.97525525
0.8740929,0.8740929
0.9355373,0.9355373
0.91454893,0.91454893
0.97013044,0.97013044
0.94542986,0.94542986
0.89937,0.89937
0.7583676,0.7583676
0.95450413,0.95450413
0.96775943,0.96775943
0.974117,0.974117
0.8410109,0.8410109
0.89053535,0.89053535
0.855934,0.855934
0.8823647,0.8823647
0.92051125,0.92051125
0.98578143,0.98578143
0.9516164,0.9516164
0.965368,0.965368
0.9260648,0.9260648
0.9560118,0.9560118
0.79501337,0.79501337
0.82177806,0.82177806
0.8829633,0.8829633
1.0,1.0
0.8760009,0.8760009
0.85284746,0.85284746
0.5775602,0.5775602
0.7522949,0.7522949
0.9031056,0.9031056
0.9095773,0.9095773
0.69320166,0.69320166
0.78649104,0.78649104
0.93545544,0.93545544
0.90498435,0.90498435
0.8119758,0.8119758
0.8169386,0.8169386
0.94374156,0.94374156
0.8905951,0.8905951
0.96723413,0.96723413
0.9610595,0.9610595
0.8672847,0.8672847
0.9422257,0.9422257
0.86237955,0.86237955
0.9414048,0.9414048
0.95165575,0.95165575
0.9370297,0.9370297
0.8898345,0.8898345
0.9047898,0.9047898
0.7915239,0.7915239
0.692013,0.692013
0.9182635,0.9182635
0.6796011,0.6796011
0.8987145,0.8987145
0.96522444,0.96522444
0.9399674,0.9399674
0.9070547,0.9070547
0.93671185,0.93671185
0.8922126,0.8922126
0.8681489,0.8681489
0.98532975,0.98532975
0.97960854,0.97960854
0.9656656,0.9656656
0.90841085,0.90841085
0.94080603,0.94080603
0.8769679,0.8769679
0.7376472,0.7376472
0.88787067,0.88787067
0.7013285,0.7013285
0.75521004,0.75521004
1.0,1.0
0.8284293,0.8284293
0.8613434,0.8613434
0.8977614,0.8977614
0.9444942,0.9444942
0.9588236,0.9588236
0.9363587,0.9363587
0.89463294,0.89463294
0.8262893,0.8262893
0.92328596,0.92328596
0.96094763,0.96094763
0.8976574,0.8976574
0.9126594,0.9126594
0.9294114,0.9294114
0.92740154,0.92740154
0.94664204,0.94664204
0.8984554,0.8984554
0.7557241,0.7557241
0.9462589,0.9462589
0.9242109,0.9242109
0.91031843,0.91031843
0.9765181,0.9765181
0.8803289,0.8803289
0.969982,0.969982
0.93924606,0.93924606
0.9575751,0.9575751
0.9709593,0.9709593
0.9872772,0.9872772
0.9903074,0.9903074
0.9846939,0.9846939
0.9824174,0.9824174
0.963681,0.963681
0.9269085,0.9269085
0.9607881,0.9607881
0.87065446,0.87065446
0.9743446,0.9743446
0.9748449,0.9748449
0.94434506,0.94434506
0.97610354,0.97610354
0.98246336,0.98246336
0.88824993,0.88824993
0.777156,0.777156
0.9635724,0.9635724
0.95484155,0.95484155
0.90672666,0.90672666
0.97994906,0.97994906
0.93854845,0.93854845
0.96311516,0.96311516
0.8462171,0.8462171
1.0,1.0
1.0,1.0
0.9653503,0.9653503
1.0,1.0
0.8921165,0.8921165
0.95905364,0.95905364
0.94690293,0.94690293
0.9751554,0.9751554
0.93142706,0.93142706
0.98563915,0.98563915
0.8774654,0.8774654
0.8037946,0.8037946
0.91929036,0.91929036
0.9202726,0.9202726
0.948206,0.948206
0.9610047,0.9610047
0.91471577,0.91471577
0.9713744,0.9713744
0.9432518,0.9432518
0.97804356,0.97804356
0.94491494,0.94491494
0.85589457,0.85589457
0.9372727,0.9372727
0.8779582,0.8779582
0.9174682,0.9174682
0.96153724,0.96153724
0.9554179,0.9554179
0.6705891,0.6705891
0.8674215,0.8674215
0.9463047,0.9463047
1.0,1.0
0.9591612,0.9591612
0.8698637,0.8698637
0.9758744,0.9758744
0.9732627,0.9732627
0.96633637,0.96633637
0.80777335,0.80777335
0.9487035,0.9487035
0.9277833,0.9277833
0.8629896,0.8629896
0.906384,0.906384
0.90791345,0.90791345
0.70357823,0.70357823
0.8826274,0.8826274
0.9056634,0.9056634
0.9245318,0.9245318
0.91696286,0.91696286
0.9693517,0.9693517
0.9503927,0.9503927
0.8951992,0.8951992
0.850662,0.850662
0.97957814,0.97957814
0.868105,0.868105
0.89346015,0.89346015
0.89197665,0.89197665
0.8496445,0.8496445
0.90223056,0.90223056
0.87575907,0.87575907
0.7773111,0.7773111
0.89499635,0.89499635
0.8354686,0.8354686
0.9472875,0.9472875
0.97513014,0.97513014
0.9321676,0.9321676
0.9844058,0.9844058
0.9791537,0.9791537
0.94449,0.94449
0.95919913,0.95919913
0.98038775,0.98038775
0.9669378,0.9669378
0.9676295,0.9676295
0.9459291,0.9459291
0.9446605,0.9446605
0.9082715,0.9082715
0.9700035,0.9700035
0.97297376,0.97297376
0.8930869,0.8930869
0.9344941,0.9344941
0.9236721,0.9236721
0.95343685,0.95343685
0.97582155,0.97582155
0.8721708,0.8721708
0.91535056,0.91535056
0.8942633,0.8942633
0.9149617,0.9149617
0.9606247,0.9606247
1.0,1.0
0.89405715,0.89405715
0.7826007,0.7826007
0.9118352,0.9118352
0.9476514,0.9476514
1.0,1.0
0.89616394,0.89616394
0.7983617,0.7983617
0.9456963,0.9456963
0.92131615,0.92131615
0.861401,0.861401
0.8607103,0.8607103
0.8956878,0.8956878
0.82786244,0.82786244
0.63007164,0.63007164
0.4143362,0.4143362
0.64314526,0.64314526
0.51415634,0.51415634
0.44096065,0.44096065
0.8850342,0.8850342
0.8276404,0.8276404
0.8465056,0.8465056
0.9390583,0.9390583
1.0,1.0
1.0,1.0
0.88485384,0.88485384
0.8733552,0.8733552
0.8425598,0.8425598
0.8079604,0.8079604
0.69510114,0.69510114
0.5700952,0.5700952
0.7551866,0.7551866
0.62872124,0.62872124
0.71098304,0.71098304
1.0,1.0
0.591333,0.591333
0.5565134,0.5565134
0.78623134,0.78623134
0.3200351,0.3200351
0.46885824,0.46885824
0.7801189,0.7801189
0.8831696,0.8831696
0.42977387,0.42977387
0.39704144,0.39704144
0.8775858,0.8775858
0.8244679,0.8244679
0.9180119,0.9180119
0.94980514,0.94980514
0.9372125,0.9372125
0.8290667,0.8290667
0.9718071,0.9718071
0.9613257,0.9613257
0.8965089,0.8965089
0.89747155,0.89747155
0.92526597,0.92526597
0.9636937,0.9636937
0.9632656,0.9632656
0.9339376,0.9339376
0.97714674,0.97714674
0.93191236,0.93191236
0.9290221,0.9290221
0.964525,0.964525
0.825487,0.825487
0.899752,0.899752
0.96327394,0.96327394
0.867222,0.867222
0.62991756,0.62991756
0.90051186,0.90051186
0.8554916,0.8554916
0.9268495,0.9268495
0.973096,0.973096
0.8605922,0.8605922
0.9637602,0.9637602
0.95949227,0.95949227
0.88784075,0.88784075
0.78825957,0.78825957
0.95061135,0.95061135
0.94297266,0.94297266
0.6287658,0.6287658
0.88300675,0.88300675
0.76287705,0.76287705
0.70223975,0.70223975
0.9172095,0.9172095
0.9155851,0.9155851
0.57586545,0.57586545
0.9439617,0.9439617
0.9060359,0.9060359
0.8721596,0.8721596
0.90540254,0.90540254
0.7772602,0.7772602
0.74309593,0.74309593
0.9763334,0.9763334
0.7496492,0.7496492
0.57578665,0.57578665
0.73400456,0.73400456
0.9088937,0.9088937
0.93108344,0.93108344
0.85545135,0.85545135
0.960001,0.960001
0.957837,0.957837
0.8741132,0.8741132
0.921398,0.921398
0.90593594,0.90593594
0.89618325,0.89618325
0.93271506,0.93271506
0.8816218,0.8816218
0.68210304,0.68210304
0.8154277,0.8154277
0.9579105,0.9579105
0.96409756,0.96409756
0.9033629,0.9033629
0.9549855,0.9549855
0.820862,0.820862
0.61384314,0.61384314
0.8376778,0.8376778
1.0,1.0
1.0,1.0
1.0,1.0
1.0,1.0
1.0,1.0
1.0,1.0
1.0,1.0
1.0,1.0
1.0,1.0
1.0,1.0
1.0,1.0
1.0,1.0
1.0,1.0
1.0,1.0
1.0,1.0
1.0,1.0
1.0,1.0
1.0,1.0
1.0,1.0
1.0,1.0
1.0,1.0
1.0,1.0
1.0,1.0
0.9178887,0.9178887
0.9247618,0.9247618
0.970677,0.970677
0.8587741,0.8587741
0.9572692,0.9572692
0.94102794,0.94102794
0.8892371,0.8892371
0.8879195,0.8879195
0.6875536,0.6875536
0.885962,0.885962
0.653476,0.653476
0.8192414,0.8192414
0.5643039,0.5643039
0.81742203,0.81742203
0.67480654,0.67480654
0.6025325,0.6025325
0.6337819,0.6337819
0.47384918,0.47384918
0.8638907,0.8638907
0.9743154,0.9743154
0.99060476,0.99060476
0.9508134,0.9508134
0.89845943,0.89845943
0.94472647,0.94472647
0.98997915,0.98997915
0.97373515,0.97373515
0.7684268,0.7684268
0.74998724,0.74998724
0.9690491,0.9690491
0.97076845,0.97076845
0.9870373,0.9870373
0.9855431,0.9855431
0.9829201,0.9829201
0.9942956,0.9942956
0.9785124,0.9785124
0.98762125,0.98762125
0.962919,0.962919
0.9023638,0.9023638
0.98543507,0.98543507
0.9645456,0.9645456
0.8624221,0.8624221
0.89780736,0.89780736
0.8802432,0.8802432
0.7364314,0.7364314
0.91067255,0.91067255
0.89585716,0.89585716
0.8805763,0.8805763
0.67812574,0.67812574
0.85511357,0.85511357
0.84894764,0.84894764
0.8444935,0.8444935
0.9419922,0.9419922
0.97918,0.97918
0.91868246,0.91868246
0.91122377,0.91122377
0.87987334,0.87987334
0.88530767,0.88530767
0.81455594,0.81455594
0.80315185,0.80315185
0.8842133,0.8842133
0.6503967,0.6503967
0.688932,0.688932
0.8514237,0.8514237
0.8192064,0.8192064
0.90630466,0.90630466
0.8277943,0.8277943
0.90663356,0.90663356
0.7972487,0.7972487
0.9353769,0.9353769
0.85834056,0.85834056
0.8824253,0.8824253
0.7499158,0.7499158
0.93600976,0.93600976
0.6067012,0.6067012
0.7654614,0.7654614
0.89826226,0.89826226
0.9669655,0.9669655
0.98457134,0.98457134
0.9821811,0.9821811
0.89792377,0.89792377
0.86109936,0.86109936
0.8745054,0.8745054
0.84124297,0.84124297
0.81106985,0.81106985
1.0,1.0
0.87348545,0.87348545
0.7204483,0.7204483
0.843142,0.843142
0.73215103,0.73215103
0.9238698,0.9238698
0.8474822,0.8474822
0.32378793,0.32378793
0.9113808,0.9113808
0.5593609,0.5593609
0.66373795,0.66373795
0.8851554,0.8851554
0.89633644,0.89633644
1.0,1.0
0.9569056,0.9569056
0.922992,0.922992
0.9532055,0.9532055
0.96711063,0.96711063
0.8228787,0.8228787
0.9167374,0.9167374
0.9647769,0.9647769
0.9634198,0.9634198
0.9366491,0.9366491
0.9400774,0.9400774
0.8904589,0.8904589
0.9873893,0.9873893
0.80881894,0.80881894
0.95869315,0.95869315
0.9857765,0.9857765
0.94933105,0.94933105
0.7530777,0.7530777
0.98437434,0.98437434
0.9335949,0.9335949
0.8698896,0.8698896
0.9087829,0.9087829
0.7753612,0.7753612
0.92704326,0.92704326
0.9085784,0.9085784
0.9861126,0.9861126
0.98498327,0.98498327
0.98024297,0.98024297
0.97054315,0.97054315
0.8134953,0.8134953
0.8944695,0.8944695
0.86384445,0.86384445
0.90041006,0.90041006
0.92177254,0.92177254
0.8168851,0.8168851
0.84052765,0.84052765
0.922739,0.922739
0.9227735,0.9227735
0.9312465,0.9312465
0.89633316,0.89633316
0.9006372,0.9006372
0.89000237,0.89000237
0.875921,0.875921
0.81177235,0.81177235
0.87075424,0.87075424
0.8362694,0.8362694
0.71968037,0.71968037
0.799873,0.799873
0.3645115,0.3645115
0.6867754,0.6867754
0.34317803,0.34317803
0.5094948,0.5094948
0.78720003,0.78720003
0.649222,0.649222
0.42194855,0.42194855
0.867532,0.867532
0.8840406,0.8840406
0.8792495,0.8792495
0.82553124,0.82553124
0.61285245,0.61285245
0.71830374,0.71830374
0.9232865,0.9232865
0.92383695,0.92383695
0.96312946,0.96312946
0.96848077,0.96848077
0.6372237,0.6372237
0.9542202,0.9542202
0.89453113,0.89453113
0.83665204,0.83665204
0.86187077,0.86187077
0.9786982,0.9786982
0.9223349,0.9223349
0.90447676,0.90447676
0.9183351,0.9183351
0.8907398,0.8907398
0.85959506,0.85959506
0.95917606,0.95917606
0.93291116,0.93291116
0.79218173,0.79218173
0.8908702,0.8908702
0.98455864,0.98455864
0.9591503,0.9591503
0.97635335,0.97635335
0.851062,0.851062
0.88767767,0.88767767
0.96661854,0.96661854
0.9639819,0.9639819
0.95311636,0.95311636
0.9296534,0.9296534
1.0,1.0
0.9279711,0.9279711
0.95395786,0.95395786
0.9352087,0.9352087
0.8583423,0.8583423
0.9145484,0.9145484
0.9427311,0.9427311
0.90703094,0.90703094
0.93540376,0.93540376
0.9969919,0.9969919
0.95784044,0.95784044
0.97070116,0.97070116
0.8226463,0.8226463
0.9728536,0.9728536
0.8690481,0.8690481
0.94691336,0.94691336
0.9357808,0.9357808
0.94004637,0.94004637
0.84901565,0.84901565
0.81903076,0.81903076
0.85684824,0.85684824
0.92449963,0.92449963
0.8496163,0.8496163
0.87174475,0.87174475
0.973911,0.973911
0.98639464,0.98639464
0.985875,0.985875
0.90244156,0.90244156
0.96157753,0.96157753
0.93250126,0.93250126
0.97588223,0.97588223
0.8716967,0.8716967
0.9870887,0.9870887
0.93659234,0.93659234
0.96810865,0.96810865
0.9953659,0.9953659
0.9662137,0.9662137
0.9317273,0.9317273
0.9686737,0.9686737
0.98767745,0.98767745
0.9929652,0.9929652
0.98782134,0.98782134
0.98719,0.98719
0.98719054,0.98719054
0.9859488,0.9859488
0.9491854,0.9491854
0.9346545,0.9346545
0.957212,0.957212
0.9679437,0.9679437
0.9345336,0.9345336
0.9667501,0.9667501
0.9770273,0.9770273
0.9272839,0.9272839
0.9807731,0.9807731
0.9654202,0.9654202
0.8301173,0.8301173
0.70906675,0.70906675
0.91557485,0.91557485
0.8657026,0.8657026
0.9622591,0.9622591
0.9155207,0.9155207
0.90866876,0.90866876
0.81380594,0.81380594
0.8742105,0.8742105
0.7025249,0.7025249
0.73182464,0.73182464
0.8815003,0.8815003
0.84164345,0.84164345
0.54261285,0.54261285
0.75666034,0.75666034
0.77260983,0.77260983
0.80538356,0.80538356
0.87499183,0.87499183
0.6464463,0.6464463
0.90633315,0.90633315
0.89826214,0.89826214
0.9806382,0.9806382
0.87592804,0.87592804
0.9084519,0.9084519
0.92381096,0.92381096
0.97400725,0.97400725
0.77594507,0.77594507
0.9697432,0.9697432
0.7227003,0.7227003
0.9403738,0.9403738
0.8521501,0.8521501
0.81974864,0.81974864
0.9738192,0.9738192
0.9831931,0.9831931
0.9661418,0.9661418
0.8398766,0.8398766
0.98926026,0.98926026
0.9232238,0.9232238
0.90407705,0.90407705
0.8495752,0.8495752
0.78881186,0.78881186
0.8591994,0.8591994
0.7986238,0.7986238
0.8093093,0.8093093
0.7108411,0.7108411
0.89125425,0.89125425
0.72380733,0.72380733
0.84025025,0.84025025
0.52213573,0.52213573
0.9911282,0.9911282
0.98539025,0.98539025
0.9902821,0.9902821
0.99206865,0.99206865
0.9756316,0.9756316
0.9894897,0.9894897
0.98994356,0.98994356
0.9827764,0.9827764
0.98277897,0.98277897
0.9050063,0.9050063
0.9799646,0.9799646
0.9907921,0.9907921
0.9576838,0.9576838
0.9953677,0.9953677
0.98494446,0.98494446
0.98929256,0.98929256
0.97892976,0.97892976
0.99240595,0.99240595
0.9844918,0.9844918
0.9755506,0.9755506
0.96269023,0.96269023
0.9742608,0.9742608
0.96744245,0.96744245
0.9724318,0.9724318
0.98181695,0.98181695
0.9638071,0.9638071
0.89261353,0.89261353
0.9096433,0.9096433
0.9561955,0.9561955
0.84309983,0.84309983
0.94165194,0.94165194
0.90622514,0.90622514
0.9101684,0.9101684
0.87940085,0.87940085
0.8810709,0.8810709
0.925143,0.925143
0.68024707,0.68024707
0.96245915,0.96245915
0.99452204,0.99452204
1.0,1.0
0.98074067,0.98074067
0.98563963,0.98563963
0.9825568,0.9825568
1.0,1.0
0.9925357,0.9925357
0.9424681,0.9424681
0.9715127,0.9715127
0.9701234,0.9701234
0.963253,0.963253
0.9519369,0.9519369
0.9888705,0.9888705
0.9510634,0.9510634
0.86224097,0.86224097
0.9809385,0.9809385
0.945496,0.945496
0.98626196,0.98626196
0.94850564,0.94850564
0.96974695,0.96974695
0.84751636,0.84751636
0.92081594,0.92081594
0.91370994,0.91370994
0.9255455,0.9255455
0.9796227,0.9796227
0.9343854,0.9343854
0.8486095,0.8486095
0.93558764,0.93558764
0.8908946,0.8908946
0.89647985,0.89647985
0.92866445,0.92866445
0.9038898,0.9038898
0.9394481,0.9394481
0.624277,0.624277
0.8651402,0.8651402
0.85554826,0.85554826
0.88321924,0.88321924
0.97450906,0.97450906
0.96921337,0.96921337
0.95907027,0.95907027
0.84775954,0.84775954
0.9881524,0.9881524
0.84189844,0.84189844
0.97000164,0.97000164
0.8920273,0.8920273
0.9059054,0.9059054
0.9886525,0.9886525
0.8617743,0.8617743
0.89032084,0.89032084
0.9468567,0.9468567
0.8781305,0.8781305
0.8674737,0.8674737
0.9573256,0.9573256
1.0,1.0
0.9652881,0.9652881
0.9801322,0.9801322
0.97452116,0.97452116
0.9835441,0.9835441
1.0,1.0
0.9566848,0.9566848
1.0,1.0
0.93007123,0.93007123
0.9720287,0.9720287
0.99095756,0.99095756
1.0,1.0
0.9482419,0.9482419
1.0,1.0
1.0,1.0
0.9573048,0.9573048
0.9446823,0.9446823
1.0,1.0
0.9799136,0.9799136
0.97993946,0.97993946
0.93863434,0.93863434
0.9706809,0.9706809
0.96337026,0.96337026
0.96565855,0.96565855
0.90870726,0.90870726
0.84627163,0.84627163
0.9081393,0.9081393
0.9280555,0.9280555
0.8825884,0.8825884
0.8254823,0.8254823
0.93727833,0.93727833
0.98140603,0.98140603
0.73688495,0.73688495
0.91162664,0.91162664
0.9174862,0.9174862
0.92068446,0.92068446
0.8461895,0.8461895
0.640599,0.640599
0.87870604,0.87870604
0.9662526,0.9662526
0.9292127,0.9292127
0.8590696,0.8590696
0.9708221,0.9708221
0.9007497,0.9007497
0.926934,0.926934
0.86136144,0.86136144
0.85572284,0.85572284
0.9317638,0.9317638
0.77741516,0.77741516
0.9665275,0.9665275
0.8322601,0.8322601
0.8847302,0.8847302
0.9060531,0.9060531
0.8048334,0.8048334
0.7900094,0.7900094
0.9327631,0.9327631
0.90825295,0.90825295
1.0,1.0
0.88117146,0.88117146
1.0,1.0
0.77914625,0.77914625
0.8403746,0.8403746
0.79304034,0.79304034
0.80348754,0.80348754
0.8918975,0.8918975
0.97046834,0.97046834
0.9837571,0.9837571
0.9623537,0.9623537
0.9755632,0.9755632
0.97998405,0.97998405
0.90809846,0.90809846
0.91027033,0.91027033
0.95461446,0.95461446
0.9155077,0.9155077
0.89149934,0.89149934
0.94494265,0.94494265
0.9777242,0.9777242
0.93763703,0.93763703
0.9508288,0.9508288
0.9565754,0.9565754
0.91349185,0.91349185
0.9714269,0.9714269
0.7807268,0.7807268
0.97327775,0.97327775
0.9365407,0.9365407
0.9410145,0.9410145
0.90082765,0.90082765
0.91152865,0.91152865
0.9324355,0.9324355
0.9389528,0.9389528
0.83755493,0.83755493
0.8632751,0.8632751
0.8610599,0.8610599
0.87925506,0.87925506
0.91962445,0.91962445
0.9687354,0.9687354
0.94364023,0.94364023
0.9532017,0.9532017
0.9050347,0.9050347
0.801949,0.801949
0.87146944,0.87146944
0.9020319,0.9020319
0.9585433,0.9585433
0.9177533,0.9177533
0.8985721,0.8985721
0.9276378,0.9276378
0.9301361,0.9301361
0.8823529,0.8823529
0.80374515,0.80374515
0.90767235,0.90767235
0.96714425,0.96714425
1.0,1.0
0.88326657,0.88326657
0.97058487,0.97058487
0.95519745,0.95519745
0.92253464,0.92253464
0.9575885,0.9575885
0.94638145,0.94638145
0.9354126,0.9354126
0.9154212,0.9154212
0.9446814,0.9446814
0.8854413,0.8854413
0.9533024,0.9533024
0.95761836,0.95761836
0.9546545,0.9546545
0.89524335,0.89524335
0.9399451,0.9399451
0.9464555,0.9464555
0.87272555,0.87272555
0.93191004,0.93191004
0.90389717,0.90389717
0.7890955,0.7890955
0.9439105,0.9439105
0.73834586,0.73834586
0.8476181,0.8476181
0.79971045,0.79971045
0.9894432,0.9894432
0.63238215,0.63238215
0.8906173,0.8906173
0.9864192,0.9864192
0.9949499,0.9949499
0.94925,0.94925
0.8616694,0.8616694
0.9582633,0.9582633
0.97833204,0.97833204
0.8838816,0.8838816
0.820849,0.820849
0.9298693,0.9298693
0.7052517,0.7052517
0.92785656,0.92785656
0.7724078,0.7724078
0.92503756,0.92503756
0.718776,0.718776
0.70941573,0.70941573
0.93065697,0.93065697
0.9530734,0.9530734
0.95345306,0.95345306
0.94746816,0.94746816
0.9702718,0.9702718
0.9580544,0.9580544
0.869274,0.869274
0.79226375,0.79226375
0.92184514,0.92184514
0.8428297,0.8428297
0.8383666,0.8383666
0.70551956,0.70551956
0.88347965,0.88347965
0.6297365,0.6297365
0.72362,0.72362
0.86484414,0.86484414
0.84488606,0.84488606
0.9481851,0.9481851
0.8247051,0.8247051
0.84687114,0.84687114
0.9808952,0.9808952
0.9242515,0.9242515
0.95368195,0.95368195
0.85448074,0.85448074
0.9763193,0.9763193
0.985611,0.985611
0.94846344,0.94846344
0.9869376,0.9869376
0.94638103,0.94638103
0.97910714,0.97910714
0.9928698,0.9928698
0.99342483,0.99342483
0.96697044,0.96697044
0.98081064,0.98081064
0.9897725,0.9897725
0.9880119,0.9880119
0.96497995,0.96497995
0.9924948,0.9924948
0.993801,0.993801
0.99224794,0.99224794
0.98478323,0.98478323
0.9861621,0.9861621
0.99140066,0.99140066
0.9861605,0.9861605
0.94903207,0.94903207
0.94604844,0.94604844
0.95391804,0.95391804
0.96017796,0.96017796
0.93924624,0.93924624
0.91960233,0.91960233
0.97404194,0.97404194
0.97342736,0.97342736
0.9329145,0.9329145
0.9343128,0.9343128
0.9129897,0.9129897
0.75558317,0.75558317
0.9134791,0.9134791
0.926845,0.926845
0.8203154,0.8203154
0.9376776,0.9376776
0.9155861,0.9155861
0.5868068,0.5868068
1.0,1.0
0.97297645,0.97297645
0.9458457,0.9458457
0.9683718,0.9683718
0.83875155,0.83875155
0.7656498,0.7656498
0.92725873,0.92725873
0.9604492,0.9604492
0.9467806,0.9467806
0.9411297,0.9411297
0.91395324,0.91395324
0.6796418,0.6796418
0.75758123,0.75758123
0.9057848,0.9057848
0.8450707,0.8450707
0.7310466,0.7310466
0.68948185,0.68948185
0.92332196,0.92332196
0.90130407,0.90130407
0.6454976,0.6454976
0.9174696,0.9174696
1.0,1.0
1.0,1.0
1.0,1.0
1.0,1.0
1.0,1.0
1.0,1.0
1.0,1.0
1.0,1.0
0.92790926,0.92790926
0.880887,0.880887
1.0,1.0
1.0,1.0
1.0,1.0
1.0,1.0
1.0,1.0
1.0,1.0
1.0,1.0
0.89945537,0.89945537
0.87353253,0.87353253
0.8961575,0.8961575
0.807431,0.807431
0.95218694,0.95218694
0.7049316,0.7049316
0.78828084,0.78828084
0.7788476,0.7788476
0.918697,0.918697
0.9450237,0.9450237
0.59702206,0.59702206
0.83499837,0.83499837
0.7474092,0.7474092
0.8094226,0.8094226
0.6269886,0.6269886
0.99826074,0.99826074
0.9949563,0.9949563
1.0,1.0
0.99228716,0.99228716
0.99631137,0.99631137
0.9959808,0.9959808
0.98472977,0.98472977
0.99764705,0.99764705
0.95431155,0.95431155
0.99712557,0.99712557
0.9952757,0.9952757
0.98061365,0.98061365
0.98114663,0.98114663
0.97348416,0.97348416
0.96999913,0.96999913
0.9901987,0.9901987
0.9921265,0.9921265
0.9753017,0.9753017
0.88635874,0.88635874
0.66723454,0.66723454
0.86737055,0.86737055
1.0,1.0
0.842849,0.842849
0.8350581,0.8350581
0.92650324,0.92650324
0.91675717,0.91675717
0.8068535,0.8068535
0.9084503,0.9084503
0.94635797,0.94635797
0.81955314,0.81955314
0.735131,0.735131
0.8369003,0.8369003
0.9692757,0.9692757
0.81144047,0.81144047
0.8833679,0.8833679
0.91411537,0.91411537
0.6216707,0.6216707
0.8878828,0.8878828
0.866417,0.866417
0.7040591,0.7040591
0.59732133,0.59732133
0.9494605,0.9494605
0.94661427,0.94661427
0.9815639,0.9815639
0.92505074,0.92505074
0.9692776,0.9692776
0.9533769,0.9533769
0.899583,0.899583
0.92381144,0.92381144
0.9016959,0.9016959
1.0,1.0
0.8922421,0.8922421
0.6378279,0.6378279
0.9388926,0.9388926
0.8414426,0.8414426
0.98872036,0.98872036
0.9903129,0.9903129
0.9871204,0.9871204
1.0,1.0
1.0,1.0
0.9922717,0.9922717
0.97516155,0.97516155
1.0,1.0
0.8782793,0.8782793
0.920961,0.920961
0.94473493,0.94473493
0.77575713,0.77575713
0.9104721,0.9104721
0.9630153,0.9630153
0.92728436,0.92728436
0.9016583,0.9016583
0.98211557,0.98211557
0.9346925,0.9346925
0.8126043,0.8126043
0.9173258,0.9173258
0.9303389,0.9303389
0.85723317,0.85723317
0.9557907,0.9557907
0.89144486,0.89144486
0.97993606,0.97993606
0.9205661,0.9205661
0.90265906,0.90265906
0.8656564,0.8656564
0.7511119,0.7511119
0.50906736,0.50906736
0.63582283,0.63582283
0.8911806,0.8911806
0.9619324,0.9619324
0.852125,0.852125
0.9704739,0.9704739
0.93696475,0.93696475
0.9856479,0.9856479
0.9834113,0.9834113
0.96807235,0.96807235
0.97324884,0.97324884
0.86394584,0.86394584
0.84014726,0.84014726
0.82133806,0.82133806
0.8082235,0.8082235
0.90222865,0.90222865
0.8271605,0.8271605
0.9513372,0.9513372
0.9716558,0.9716558
0.8483232,0.8483232
0.93353933,0.93353933
0.7494226,0.7494226
0.95285773,0.95285773
0.95430505,0.95430505
0.9715584,0.9715584
0.93346167,0.93346167
0.94759756,0.94759756
0.9751429,0.9751429
0.97421443,0.97421443
0.8217577,0.8217577
0.99507236,0.99507236
0.9830975,0.9830975
0.87031806,0.87031806
0.9739651,0.9739651
0.8704201,0.8704201
0.9382482,0.9382482
0.9621722,0.9621722
0.9778972,0.9778972
0.9579597,0.9579597
0.9317563,0.9317563
0.9419491,0.9419491
0.9244387,0.9244387
0.9622378,0.9622378
0.94451237,0.94451237
0.9232749,0.9232749
0.9537809,0.9537809
0.8956571,0.8956571
0.90932405,0.90932405
0.9886877,0.9886877
0.99029756,0.99029756
0.89133066,0.89133066
0.9590672,0.9590672
0.98130244,0.98130244
0.9407025,0.9407025
0.92695206,0.92695206
0.8511941,0.8511941
0.9160712,0.9160712
0.94788116,0.94788116
0.9342824,0.9342824
0.8522401,0.8522401
0.9478637,0.9478637
0.8489668,0.8489668
0.92753,0.92753
0.948508,0.948508
0.9069654,0.9069654
0.92129934,0.92129934
0.97577435,0.97577435
0.8073828,0.8073828
0.9121302,0.9121302
0.8956427,0.8956427
0.8705264,0.8705264
0.9510559,0.9510559
0.88138354,0.88138354
0.7563667,0.7563667
0.8261036,0.8261036
0.89178985,0.89178985
0.87037575,0.87037575
0.7721746,0.7721746
0.89532965,0.89532965
0.8496766,0.8496766
0.8489248,0.8489248
0.8548697,0.8548697
0.79305184,0.79305184
0.8120696,0.8120696
0.9806451,0.9806451
0.96108174,0.96108174
0.8803932,0.8803932
0.9444824,0.9444824
0.84402335,0.84402335
0.7668604,0.7668604
0.69684184,0.69684184
0.9627459,0.9627459
0.9770646,0.9770646
0.9715734,0.9715734
0.90221083,0.90221083
0.84760725,0.84760725
0.8750048,0.8750048
0.86940736,0.86940736
0.6937913,0.6937913
0.9865844,0.9865844
0.97075826,0.97075826
0.7988901,0.7988901
0.9828476,0.9828476
0.95388454,0.95388454
0.88679606,0.88679606
0.8909444,0.8909444
0.9507982,0.9507982
0.9051547,0.9051547
0.9646925,0.9646925
0.9362625,0.9362625
0.8092572,0.8092572
0.84496605,0.84496605
0.8971921,0.8971921
0.9605999,0.9605999
0.98273337,0.98273337
0.9299671,0.9299671
0.7346076,0.7346076
0.95388955,0.95388955
0.91788423,0.91788423
0.8216861,0.8216861
0.91397154,0.91397154
0.8151008,0.8151008
0.8907212,0.8907212
0.97997195,0.97997195
0.8789158,0.8789158
0.86041015,0.86041015
0.84112203,0.84112203
0.72593325,0.72593325
0.8613267,0.8613267
0.97093934,0.97093934
0.9149343,0.9149343
0.84284276,0.84284276
0.90566957,0.90566957
0.9623501,0.9623501
0.88166606,0.88166606
0.93104255,0.93104255
0.87756157,0.87756157
0.8841208,0.8841208
0.95063484,0.95063484
1.0,1.0
0.91989887,0.91989887
0.9678418,0.9678418
0.971931,0.971931
0.9741154,0.9741154
0.9357061,0.9357061
0.96608216,0.96608216
0.7145925,0.7145925
0.9277016,0.9277016
0.9311153,0.9311153
0.98867387,0.98867387
0.9162581,0.9162581
0.9749006,0.9749006
0.91893965,0.91893965
0.89111054,0.89111054
0.9761251,0.9761251
0.9437378,0.9437378
0.8437382,0.8437382
0.7817251,0.7817251
0.94745135,0.94745135
0.904155,0.904155
0.96739435,0.96739435
0.88531655,0.88531655
0.8160427,0.8160427
0.72546524,0.72546524
0.9705912,0.9705912
0.75053424,0.75053424
0.91081524,0.91081524
0.9697463,0.9697463
0.911545,0.911545
0.95056444,0.95056444
0.98746824,0.98746824
0.9779411,0.9779411
0.9655837,0.9655837
0.92180145,0.92180145
0.9500105,0.9500105
0.967098,0.967098
0.9670655,0.9670655
0.88543415,0.88543415
0.9082546,0.9082546
0.92726445,0.92726445
0.9019813,0.9019813
0.91376334,0.91376334
0.51596963,0.51596963
0.826729,0.826729
0.44943172,0.44943172
0.7772144,0.7772144
0.5739058,0.5739058
0.83263993,0.83263993
0.8060937,0.8060937
0.81030047,0.81030047
0.9484551,0.9484551
0.83850443,0.83850443
0.9408002,0.9408002
0.9016352,0.9016352
0.98928523,0.98928523
0.81913984,0.81913984
0.98484844,0.98484844
0.8909093,0.8909093
0.9430873,0.9430873
1.0,1.0
0.6749841,0.6749841
0.90599364,0.90599364
0.9630942,0.9630942
0.9414891,0.9414891
0.9636812,0.9636812
0.9062582,0.9062582
0.9103832,0.9103832
0.89181197,0.89181197
0.9583633,0.9583633
0.95982015,0.95982015
0.8446205,0.8446205
0.9542193,0.9542193
0.8273721,0.8273721
0.886351,0.886351
0.8132031,0.8132031
1.0,1.0
0.7379906,0.7379906
0.8625751,0.8625751
0.91553503,0.91553503
0.8922587,0.8922587
0.6033131,0.6033131
0.847903,0.847903
0.82995224,0.82995224
0.68381447,0.68381447
0.9170202,0.9170202
0.76160383,0.76160383
0.7182281,0.7182281
0.94614077,0.94614077
0.93457687,0.93457687
0.96924466,0.96924466
0.93709695,0.93709695
0.93656164,0.93656164
0.9011465,0.9011465
0.8731043,0.8731043
0.95069116,0.95069116
0.907073,0.907073
0.9345066,0.9345066
0.92772156,0.92772156
0.9026106,0.9026106
0.9513743,0.9513743
0.84966403,0.84966403
0.9568606,0.9568606
0.9444954,0.9444954
0.91284937,0.91284937
0.79844123,0.79844123
0.62468123,0.62468123
0.8483113,0.8483113
